Date,Tmax,Tmin,RH,WindSpeed_2m,SolarRad_MJ,Rainfall_mm,ET0,Kc,ETc,WL_CF_mm,WL_AWD_mm,Irrigation_CF_mm,Irrigation_AWD_mm
2026-01-15,23.59,9.28,72.02,1.8,12.7,0.0,2.0262498239536177,1.05,2.1275623151512986,0.0,44.672437684848695,0.0,0.0
2026-01-16,23.86,7.93,68.98,1.67,13.5,0.0,2.1792687748304727,1.05,2.2882322135719964,0.0,39.1842054712767,0.0,0.0
2026-01-17,24.48,9.42,71.57,1.57,14.39,0.0,2.2980077912774273,1.05,2.4129081808412987,0.0,33.571297290435396,0.0,0.0
2026-01-18,25.9,9.73,69.67,1.34,15.09,0.0,2.4685468054023296,1.05,2.591974145672446,0.0,27.77932314476295,0.0,0.0
2026-01-19,26.0,10.5,67.77,1.4,14.86,0.0,2.513904766145486,1.05,2.63960000445276,0.0,21.939723140310193,0.0,0.0
2026-01-20,27.5,12.5,60.57,1.42,14.03,0.0,2.657339313378444,1.05,2.7902062790473665,0.0,50.0,34.05048313873718,34.05048313873718
2026-01-21,27.17,11.82,60.11,1.66,12.65,0.0,2.5262832809850937,1.05,2.6525974450343486,0.0,44.14740255496565,0.0,0.0
2026-01-22,25.97,11.5,64.98,1.52,13.93,0.0,2.483012931249028,1.05,2.6071635778114794,0.0,38.34023897715417,0.0,0.0
2026-01-23,25.7,11.12,58.37,1.32,15.9,0.0,2.8401244413056634,1.05,2.982130663370947,0.0,32.158108313783224,0.0,0.0
2026-01-24,25.98,10.71,60.77,1.43,15.21,0.0,2.7394763515700844,1.05,2.8764501691485886,0.0,26.081658144634634,0.0,0.0
2026-01-25,26.13,13.55,60.02,1.28,13.75,0.0,2.4723374382021497,1.05,2.595954310112257,0.0,20.285703834522376,0.0,0.0
2026-01-26,27.43,12.6,62.18,1.56,13.4,0.0,2.585274663206114,1.05,2.71453839636642,0.0,50.0,35.628834561844045,35.628834561844045
2026-01-27,26.66,11.61,65.74,1.71,15.69,0.0,2.911515555404052,1.05,3.057091333174255,0.0,43.74290866682574,0.0,0.0
2026-01-28,27.44,11.74,63.45,1.44,16.36,0.0,3.016968814016246,1.05,3.1678172547170584,0.0,37.37509141210868,0.0,0.0
2026-01-29,28.07,13.19,62.47,1.34,15.18,0.0,2.840022505337249,1.05,2.982023630604112,0.0,31.19306778150457,0.0,0.0
2026-01-30,27.79,13.86,68.82,1.7,12.63,0.0,2.3983502716979688,1.05,2.5182677852828674,0.0,25.474799996221705,0.0,0.0
2026-01-31,27.33,11.86,64.39,1.67,15.61,0.0,2.9663005517554573,1.05,3.1146155793432304,0.0,19.160184416878476,30.839815583121524,0.0
2026-02-01,27.13,11.52,62.14,1.86,15.9,0.0,3.1484714953240167,1.05,3.3058950700902177,0.0,12.654289346788257,0.0,0.0
2026-02-02,27.44,11.57,62.19,1.64,15.3,0.0,2.9521124725630172,1.05,3.099718096191168,0.0,6.354571250597089,0.0,0.0
2026-02-03,28.28,11.96,64.07,1.47,16.26,0.0,3.062768644605908,1.05,3.2159070768362032,0.0,-0.0613358262391146,0.0,0.0
2026-02-04,27.82,13.56,62.6,1.76,13.06,0.0,2.6699951474980006,1.055,2.8168448806103905,0.0,-6.078180706849505,0.0,0.0
2026-02-05,28.92,12.15,55.73,1.8,17.03,0.0,3.6568141000003704,1.06,3.876222946000393,0.0,-13.154403652849897,32.31458806972837,0.0
2026-02-06,26.91,11.37,53.91,1.98,18.65,0.0,3.9151246731255664,1.065,4.169607776878728,0.0,-20.524011429728624,0.0,0.0
2026-02-07,26.79,10.0,51.52,1.78,17.14,0.0,3.551953976925183,1.07,3.8005907553099463,0.0,-27.52460218503857,0.0,0.0
2026-02-08,28.21,10.89,52.51,1.64,17.73,0.0,3.674543014601413,1.075,3.9501337406965185,0.0,-34.67473592573509,0.0,0.0
2026-02-09,27.94,13.28,48.32,1.67,17.81,0.0,3.8532332077236924,1.08,4.161491864341588,0.0,-42.03622779007668,0.0,0.0
2026-02-10,28.98,11.78,47.52,1.64,16.71,0.0,3.695571675841132,1.085,4.009695268287628,0.0,-49.24592305836431,36.09151940551442,0.0
2026-02-11,29.67,11.63,47.71,1.66,17.1,0.0,3.834340204188925,1.09,4.179430822565928,0.0,-56.62535388093024,0.0,0.0
2026-02-12,30.04,13.07,46.94,1.67,17.98,0.0,4.089472266462551,1.095,4.477972131776494,0.0,-64.30332601270673,0.0,0.0
2026-02-13,29.96,13.88,46.14,1.72,18.06,0.0,4.179501815468763,1.1,4.597451997015639,0.0,-72.10077800972238,0.0,0.0
2026-02-14,30.5,12.57,48.72,1.77,18.99,0.0,4.342232080195435,1.105,4.798166448615956,0.0,-80.09894445833834,30.853021399974022,0.0
2026-02-15,30.38,12.84,45.09,1.68,18.97,0.0,4.35563989066851,1.11,4.8347602786420465,0.0,-88.13370473698039,0.0,0.0
2026-02-16,30.32,13.35,44.1,1.57,19.38,0.0,4.366798753086846,1.115,4.8689806096918335,0.0,-96.20268534667223,0.0,0.0
2026-02-17,30.92,13.17,49.64,1.67,19.1,0.0,4.313303841498683,1.12,4.830900302478525,0.0,-104.23358564915075,0.0,0.0
2026-02-18,32.12,14.11,48.93,1.49,19.48,0.0,4.386499356334639,1.125,4.934811775876469,0.0,-112.36839742502723,32.269452966688874,0.0
2026-02-19,32.24,14.46,43.23,1.36,16.7,0.0,3.8407624350648724,1.13,4.340061551623306,0.0,-119.90845897665054,0.0,0.0
2026-02-20,33.47,16.47,42.72,1.62,18.4,0.0,4.611133805701292,1.135,5.233636869470967,0.0,-128.3420958461215,0.0,0.0
2026-02-21,33.24,15.72,43.22,1.53,17.3,0.0,4.247788237179392,1.14,4.842478590384506,0.0,-136.384574436506,0.0,0.0
2026-02-22,32.02,17.73,46.51,1.23,14.86,0.0,3.321415257386549,1.145,3.8030204697075987,0.0,-143.3875949062136,31.019197481186385,0.0
2026-02-23,33.77,17.39,52.49,1.21,15.5,0.12,3.4648082470710113,1.15,3.9845294841316625,0.0,50.0,0.0,200.45212439034523
2026-02-24,31.79,19.16,56.26,1.07,9.5,3.68,1.923908507624919,1.155,2.2221143263067815,0.0,48.25788567369322,0.0,0.0
2026-02-25,31.76,17.81,53.83,1.48,16.36,0.63,3.7146660555190376,1.16,4.309012624402083,0.0,41.37887304929113,0.0,0.0
2026-02-26,31.9,17.22,42.74,1.29,18.46,0.0,4.164249154005801,1.165,4.851350264416758,0.0,33.32752278487437,0.0,0.0
2026-02-27,32.69,14.57,41.28,1.75,17.5,0.0,4.491947979554662,1.17,5.255579136078954,0.0,24.871943648795416,32.192585835336246,0.0
2026-02-28,33.23,14.95,37.9,1.86,19.29,0.0,5.111041570023002,1.175,6.005473844777028,0.0,15.666469804018387,0.0,0.0
2026-03-01,35.09,17.31,56.02,1.79,22.65,0.0,5.453227489789498,1.18,6.434808437951607,0.0,6.031661366066781,0.0,0.0
2026-03-02,33.98,21.09,59.44,1.12,17.49,0.02,3.837990066954284,1.185,4.548018229340826,0.0,-1.6963568632740458,0.0,0.0
2026-03-03,34.07,18.62,42.39,1.42,20.91,0.02,5.033357321770881,1.19,5.989695212907348,0.0,-10.866052076181393,35.73799572497681,0.0
2026-03-04,34.04,16.66,39.81,1.26,19.26,0.04,4.498445255774436,1.1949999999999998,5.37564208065045,0.0,-19.401694156831844,0.0,0.0
2026-03-05,34.11,17.57,41.76,1.13,18.08,0.0,4.09638730464209,1.2,4.915664765570508,0.0,-27.51735892240235,0.0,0.0
2026-03-06,35.41,19.62,46.98,1.56,18.28,0.0,4.67885282331666,1.2,5.614623387979992,0.0,-36.331982310382344,0.0,0.0
2026-03-07,33.78,18.43,65.12,1.96,17.12,0.0,4.065728917134554,1.2,4.8788747005614646,0.0,-44.410857010943815,33.54480493476242,0.0
2026-03-08,34.45,20.18,63.76,1.45,16.04,0.01,3.687872831417461,1.2,4.425447397700953,0.0,-52.026304408644776,0.0,0.0
2026-03-09,33.58,21.16,66.25,1.18,12.65,0.05,2.706665765880841,1.2,3.247998919057009,0.0,-58.42430332770179,0.0,0.0
2026-03-10,34.04,21.92,60.86,0.73,13.31,0.06,2.613496466707202,1.2,3.136195760048642,0.0,50.0,0.0,114.70049908775043
2026-03-11,34.85,21.71,57.02,1.29,12.15,0.04,2.918873648498465,1.2,3.5026483781981583,0.0,43.33735162180184,0.0,0.0
2026-03-12,35.12,22.04,59.49,1.71,8.63,0.04,2.495853908410549,1.2,2.9950246900926585,0.0,37.18232693170918,33.10731514509744,0.0
2026-03-13,37.41,22.45,62.63,2.69,14.93,0.14,4.621447799710891,1.2,5.545737359653069,0.0,28.57658957205611,0.0,0.0
2026-03-14,36.59,23.1,64.16,3.88,14.18,0.34,4.998132803988551,1.2,5.997759364786261,0.0,50.0,0.0,30.28116979273015
2026-03-15,35.57,23.12,64.34,3.98,13.59,0.34,4.811853293949563,1.2,5.774223952739475,0.0,41.365776047260525,0.0,0.0
2026-03-16,35.45,21.79,65.69,3.36,15.5,2.59,4.711740275168502,1.2,5.654088330202202,0.0,35.101687717058326,32.361809007381005,0.0
2026-03-17,33.32,22.23,69.15,3.36,17.86,3.34,4.755306443467266,1.2,5.706367732160719,0.0,29.53531998489761,0.0,0.0
2026-03-18,36.18,21.49,67.35,2.34,16.37,5.18,4.347701632910024,1.2,5.2172419594920285,0.0,26.298078025405577,0.0,0.0
2026-03-19,28.65,21.96,79.15,1.78,17.51,5.38,3.4133361267147877,1.2,4.096003352057745,0.0,24.38207467334783,0.0,0.0
2026-03-20,33.62,20.97,65.5,1.39,12.94,9.29,2.915543146537807,1.2,3.4986517758453686,0.0,26.973422897502463,0.0,0.0
2026-03-21,28.67,19.7,74.02,1.15,9.1,12.94,1.5220118386667463,1.2,1.8264142064000954,0.0,34.887008691102366,0.0,0.0
2026-03-22,29.58,18.02,68.33,1.23,17.96,2.01,3.4687301377597137,1.2,4.162476165311657,0.0,29.534532525790706,0.0,0.0
2026-03-23,32.26,18.48,58.59,1.2,18.53,0.19,3.9236334757259774,1.2,4.708360170871173,0.0,21.816172354919534,0.0,0.0
2026-03-24,34.19,19.02,62.97,2.11,19.6,0.0,4.777305335168007,1.2,5.732766402201609,0.0,50.0,0.0,37.11659404728208
2026-03-25,35.76,20.92,64.97,1.92,17.94,0.45,4.475500861416083,1.2,5.370601033699299,0.0,41.8793989663007,30.338882798039716,0.0
2026-03-26,36.19,21.55,58.77,1.31,18.53,0.57,4.405014087231523,1.2,5.286016904677827,0.0,33.963382061622866,0.0,0.0
2026-03-27,37.29,21.47,60.52,1.85,21.05,1.32,5.397154172297636,1.2,6.476585006757163,0.0,25.606797054865705,0.0,0.0
2026-03-28,33.89,23.14,67.43,1.52,14.55,7.01,3.3884406490757666,1.2,4.06612877889092,0.0,25.350668275974787,0.0,0.0
2026-03-29,35.52,21.43,68.04,2.31,15.87,2.68,4.138898843117252,1.2,4.966678611740702,0.0,50.0,0.0,30.136010335765913
2026-03-30,35.55,23.07,72.39,2.36,16.63,6.89,4.203042011361514,1.2,5.043650413633817,0.0,48.64634958636618,0.0,0.0
2026-03-31,35.41,23.67,70.21,1.82,8.65,4.39,2.3385596907216093,1.2,2.806271628865931,0.0,47.03007795750025,0.0,0.0
2026-04-01,38.27,22.8,63.6,2.02,25.14,0.44,6.439438237481389,1.2,7.727325884977667,0.0,36.542752072522575,35.47265722954403,0.0
2026-04-02,39.11,23.64,61.32,2.95,24.58,0.98,7.078459528788726,1.2,8.49415143454647,0.0,25.828600637976102,0.0,0.0
2026-04-03,39.93,23.91,61.66,2.43,21.96,0.88,6.310657274851675,1.2,7.572788729822009,0.0,50.0,0.0,34.06418809184591
2026-04-04,39.83,24.42,61.61,2.3,14.95,0.0,4.714520319969073,1.2,5.657424383962887,0.0,41.14257561603711,0.0,0.0
2026-04-05,34.86,23.4,65.43,2.49,10.17,0.09,3.191115707877285,1.2,3.829338849452742,0.0,34.20323676658437,36.40370339778411,0.0
2026-04-06,37.11,22.19,57.58,1.87,18.47,0.83,4.954748784144948,1.2,5.945698540973937,0.0,25.88753822561043,0.0,0.0
2026-04-07,32.58,23.61,70.73,1.86,18.46,10.74,4.225355200542396,1.2,5.0704262406508755,0.0,28.357111984959555,0.0,0.0
2026-04-08,33.84,21.51,71.95,1.55,14.07,13.06,3.13771555261002,1.2,3.7652586631320237,0.0,34.45185332182753,0.0,0.0
2026-04-09,30.38,22.12,81.68,1.33,7.56,46.23,1.2808385368596777,1.2,1.5370062442316133,0.0,75.94484707759591,0.0,0.0
2026-04-10,32.91,20.97,67.97,1.69,21.2,8.06,4.710493937573071,1.2,5.652592725087685,0.0,75.15225435250822,0.0,0.0
2026-04-11,34.17,20.05,65.99,1.76,21.67,0.02,4.9628892510906635,1.2,5.955467101308796,0.0,66.01678725119942,0.0,0.0
2026-04-12,36.2,20.17,63.71,2.45,23.57,0.0,5.977331309423725,1.2,7.17279757130847,0.0,55.64398967989094,0.0,0.0
2026-04-13,37.31,23.46,70.18,3.27,22.41,0.0,6.030425169549381,1.2,7.2365102034592566,0.0,45.207479476431686,0.0,0.0
2026-04-14,36.89,23.92,71.83,2.05,15.07,0.24,3.909627419721767,1.2,4.69155290366612,0.0,37.555926572765564,0.0,0.0
2026-04-15,37.92,23.71,69.04,2.74,20.1,0.57,5.49521856197223,1.1833333333333333,6.502675298333806,0.0,28.42325127443176,0.0,0.0
2026-04-16,36.56,24.19,73.98,2.28,10.04,3.17,2.844357418528452,1.1666666666666665,3.3184169882831935,0.0,25.074834286148565,0.0,0.0
2026-04-17,36.76,24.39,70.02,1.17,16.77,1.32,3.8947082879789194,1.15,4.478914531175757,0.0,18.71591975497281,0.0,0.0
2026-04-18,36.95,24.09,69.82,1.89,20.83,0.25,5.163011499502895,1.1333333333333333,5.851413032769948,0.0,9.914506722202862,36.03034035539305,0.0
2026-04-19,38.76,25.0,69.01,2.9,17.7,0.35,5.217349399125423,1.1166666666666667,5.826040162356723,0.0,1.238466559846139,0.0,0.0
2026-04-20,39.17,25.45,69.56,3.31,19.87,0.54,5.886377530124308,1.0999999999999999,6.475015283136739,0.0,-7.8965487232906,0.0,0.0
2026-04-21,39.8,25.4,67.44,3.33,16.51,0.0,5.408754661096331,1.0833333333333333,5.859484216187691,0.0,-16.95603293947829,0.0,0.0
2026-04-22,39.7,25.81,65.93,2.48,18.82,0.0,5.526693316828851,1.0666666666666667,5.895139537950774,0.0,-26.051172477429066,35.965679199631936,0.0
2026-04-23,39.58,25.17,63.04,2.19,21.8,0.0,6.084143136048168,1.05,6.388350292850577,0.0,-35.63952277027965,0.0,0.0
2026-04-24,39.78,25.52,64.73,2.13,20.51,0.0,5.736423134735875,1.0333333333333332,5.92763723922707,0.0,-44.76716000950672,0.0,0.0
2026-04-25,38.03,25.95,65.99,2.3,20.73,0.0,5.673471337348818,1.0166666666666666,5.768029192971298,0.0,-53.73518920247802,0.0,0.0
2026-04-26,38.09,25.16,66.41,2.91,15.97,0.06,4.939962828326309,1.0,4.939962828326309,0.0,-61.81515203080433,35.76397955337525,0.0
2026-04-27,36.81,25.34,72.98,3.77,9.61,3.95,3.535805622767317,0.9833333333333333,3.4768755290545283,0.0,-64.54202755985885,0.0,0.0
2026-04-28,33.96,25.6,80.37,3.49,11.62,16.84,3.11434091061146,0.9666666666666666,3.010529546924411,0.0,-53.91255710678326,0.0,0.0
2026-04-29,31.92,24.68,85.76,3.02,9.31,26.25,2.074014555666134,0.95,1.9703138278828272,0.0,-32.83287093466609,0.0,0.0
2026-04-30,30.71,23.79,84.72,2.31,15.29,28.51,3.0830468509999895,0.9333333333333333,2.877510394266657,0.0,-10.400381328932745,0.0,0.0
2026-05-01,29.74,23.66,83.18,1.9,15.95,15.32,3.14597708781945,0.9166666666666666,2.8838123305011627,0.0,-1.164193659433908,0.0,0.0
2026-05-02,33.71,22.64,77.96,2.34,19.32,7.44,4.341051477654933,0.8999999999999999,3.906946329889439,0.0,-0.8311399893233471,0.0,0.0
2026-05-03,31.58,24.05,82.46,1.54,19.38,8.47,3.9695427587616083,0.8833333333333333,3.506429436906087,0.0,0.9324305737705663,0.0,0.0
2026-05-04,32.82,24.12,80.68,1.94,19.98,4.14,4.301754945617955,0.8666666666666667,3.728187619535561,0.0,-1.8557570457649954,0.0,0.0
2026-05-05,30.81,23.32,83.04,1.36,15.75,6.38,3.0684367432163127,0.85,2.608171231733866,0.0,-1.2839282774988612,0.0,0.0
2026-05-06,33.88,22.78,76.27,1.31,21.0,3.1,4.50838979027479,0.8333333333333333,3.7569914918956577,0.0,-5.140919769394519,0.0,0.0
2026-05-07,32.76,23.48,76.99,1.05,18.45,12.07,3.8110558097711174,0.8166666666666667,3.1123622446464125,0.0,0.6167179859590686,0.0,0.0
2026-05-08,33.07,22.8,75.01,1.14,24.19,4.19,5.1216408513637575,0.7999999999999999,4.097312681091005,0.0,-2.4905946951319367,0.0,0.0
2026-05-09,32.63,23.67,75.37,1.01,21.3,8.21,4.4519306889271215,0.7833333333333332,3.4873457063262445,0.0,-0.9679404014581805,0.0,0.0
2026-05-10,32.58,23.65,76.36,1.45,19.56,5.56,4.1768583663678855,0.7666666666666666,3.2022580808820456,0.0,-1.8101984823402262,0.0,0.0
2026-05-11,31.49,23.44,79.3,1.19,20.46,4.12,4.168437031750328,0.75,3.1263277738127457,0.0,-4.0165262561529715,0.0,0.0
2026-05-12,33.13,23.08,77.88,1.74,23.33,0.4,5.026535419354807,0.7333333333333333,3.6861259741935246,0.0,-10.502652230346495,0.0,0.0
2026-05-13,33.46,24.05,79.17,2.61,21.47,4.75,4.829440912535623,0.7166666666666666,3.461099320650529,0.0,-12.413751550997024,0.0,0.0
2026-05-14,34.0,24.84,81.74,2.65,21.27,18.98,4.76539593286951,0.7,3.335777153008657,0.0,0.030471295994319636,0.0,0.0
2026-05-15,34.92,24.97,81.77,2.69,23.1,9.2,5.232531527927799,0.6833333333333332,3.575563210750662,0.0,2.4549080852436562,0.0,0.0
