Year,DOY,Tmax,Tmin,RH,WindSpeed_2m,SolarRad_MJ,Rainfall_mm
2026,15,23.59,9.28,72.02,1.8,12.7,0.0
2026,16,23.86,7.93,68.98,1.67,13.5,0.0
2026,17,24.48,9.42,71.57,1.57,14.39,0.0
2026,18,25.9,9.73,69.67,1.34,15.09,0.0
2026,19,26.0,10.5,67.77,1.4,14.86,0.0
2026,20,27.5,12.5,60.57,1.42,14.03,0.0
2026,21,27.17,11.82,60.11,1.66,12.65,0.0
2026,22,25.97,11.5,64.98,1.52,13.93,0.0
2026,23,25.7,11.12,58.37,1.32,15.9,0.0
2026,24,25.98,10.71,60.77,1.43,15.21,0.0
2026,25,26.13,13.55,60.02,1.28,13.75,0.0
2026,26,27.43,12.6,62.18,1.56,13.4,0.0
2026,27,26.66,11.61,65.74,1.71,15.69,0.0
2026,28,27.44,11.74,63.45,1.44,16.36,0.0
2026,29,28.07,13.19,62.47,1.34,15.18,0.0
2026,30,27.79,13.86,68.82,1.7,12.63,0.0
2026,31,27.33,11.86,64.39,1.67,15.61,0.0
2026,32,27.13,11.52,62.14,1.86,15.9,0.0
2026,33,27.44,11.57,62.19,1.64,15.3,0.0
2026,34,28.28,11.96,64.07,1.47,16.26,0.0
2026,35,27.82,13.56,62.6,1.76,13.06,0.0
2026,36,28.92,12.15,55.73,1.8,17.03,0.0
2026,37,26.91,11.37,53.91,1.98,18.65,0.0
2026,38,26.79,10.0,51.52,1.78,17.14,0.0
2026,39,28.21,10.89,52.51,1.64,17.73,0.0
2026,40,27.94,13.28,48.32,1.67,17.81,0.0
2026,41,28.98,11.78,47.52,1.64,16.71,0.0
2026,42,29.67,11.63,47.71,1.66,17.1,0.0
2026,43,30.04,13.07,46.94,1.67,17.98,0.0
2026,44,29.96,13.88,46.14,1.72,18.06,0.0
2026,45,30.5,12.57,48.72,1.77,18.99,0.0
2026,46,30.38,12.84,45.09,1.68,18.97,0.0
2026,47,30.32,13.35,44.1,1.57,19.38,0.0
2026,48,30.92,13.17,49.64,1.67,19.1,0.0
2026,49,32.12,14.11,48.93,1.49,19.48,0.0
2026,50,32.24,14.46,43.23,1.36,16.7,0.0
2026,51,33.47,16.47,42.72,1.62,18.4,0.0
2026,52,33.24,15.72,43.22,1.53,17.3,0.0
2026,53,32.02,17.73,46.51,1.23,14.86,0.0
2026,54,33.77,17.39,52.49,1.21,15.5,0.12
2026,55,31.79,19.16,56.26,1.07,9.5,3.68
2026,56,31.76,17.81,53.83,1.48,16.36,0.63
2026,57,31.9,17.22,42.74,1.29,18.46,0.0
2026,58,32.69,14.57,41.28,1.75,17.5,0.0
2026,59,33.23,14.95,37.9,1.86,19.29,0.0
2026,60,35.09,17.31,56.02,1.79,22.65,0.0
2026,61,33.98,21.09,59.44,1.12,17.49,0.02
2026,62,34.07,18.62,42.39,1.42,20.91,0.02
2026,63,34.04,16.66,39.81,1.26,19.26,0.04
2026,64,34.11,17.57,41.76,1.13,18.08,0.0
2026,65,35.41,19.62,46.98,1.56,18.28,0.0
2026,66,33.78,18.43,65.12,1.96,17.12,0.0
2026,67,34.45,20.18,63.76,1.45,16.04,0.01
2026,68,33.58,21.16,66.25,1.18,12.65,0.05
2026,69,34.04,21.92,60.86,0.73,13.31,0.06
2026,70,34.85,21.71,57.02,1.29,12.15,0.04
2026,71,35.12,22.04,59.49,1.71,8.63,0.04
2026,72,37.41,22.45,62.63,2.69,14.93,0.14
2026,73,36.59,23.1,64.16,3.88,14.18,0.34
2026,74,35.57,23.12,64.34,3.98,13.59,0.34
2026,75,35.45,21.79,65.69,3.36,15.5,2.59
2026,76,33.32,22.23,69.15,3.36,17.86,3.34
2026,77,36.18,21.49,67.35,2.34,16.37,5.18
2026,78,28.65,21.96,79.15,1.78,17.51,5.38
2026,79,33.62,20.97,65.5,1.39,12.94,9.29
2026,80,28.67,19.7,74.02,1.15,9.1,12.94
2026,81,29.58,18.02,68.33,1.23,17.96,2.01
2026,82,32.26,18.48,58.59,1.2,18.53,0.19
2026,83,34.19,19.02,62.97,2.11,19.6,0.0
2026,84,35.76,20.92,64.97,1.92,17.94,0.45
2026,85,36.19,21.55,58.77,1.31,18.53,0.57
2026,86,37.29,21.47,60.52,1.85,21.05,1.32
2026,87,33.89,23.14,67.43,1.52,14.55,7.01
2026,88,35.52,21.43,68.04,2.31,15.87,2.68
2026,89,35.55,23.07,72.39,2.36,16.63,6.89
2026,90,35.41,23.67,70.21,1.82,8.65,4.39
2026,91,38.27,22.8,63.6,2.02,25.14,0.44
2026,92,39.11,23.64,61.32,2.95,24.58,0.98
2026,93,39.93,23.91,61.66,2.43,21.96,0.88
2026,94,39.83,24.42,61.61,2.3,14.95,0.0
2026,95,34.86,23.4,65.43,2.49,10.17,0.09
2026,96,37.11,22.19,57.58,1.87,18.47,0.83
2026,97,32.58,23.61,70.73,1.86,18.46,10.74
2026,98,33.84,21.51,71.95,1.55,14.07,13.06
2026,99,30.38,22.12,81.68,1.33,7.56,46.23
2026,100,32.91,20.97,67.97,1.69,21.2,8.06
2026,101,34.17,20.05,65.99,1.76,21.67,0.02
2026,102,36.2,20.17,63.71,2.45,23.57,0.0
2026,103,37.31,23.46,70.18,3.27,22.41,0.0
2026,104,36.89,23.92,71.83,2.05,15.07,0.24
2026,105,37.92,23.71,69.04,2.74,20.1,0.57
2026,106,36.56,24.19,73.98,2.28,10.04,3.17
2026,107,36.76,24.39,70.02,1.17,16.77,1.32
2026,108,36.95,24.09,69.82,1.89,20.83,0.25
2026,109,38.76,25.0,69.01,2.9,17.7,0.35
2026,110,39.17,25.45,69.56,3.31,19.87,0.54
2026,111,39.8,25.4,67.44,3.33,16.51,0.0
2026,112,39.7,25.81,65.93,2.48,18.82,0.0
2026,113,39.58,25.17,63.04,2.19,21.8,0.0
2026,114,39.78,25.52,64.73,2.13,20.51,0.0
2026,115,38.03,25.95,65.99,2.3,20.73,0.0
2026,116,38.09,25.16,66.41,2.91,15.97,0.06
2026,117,36.81,25.34,72.98,3.77,9.61,3.95
2026,118,33.96,25.6,80.37,3.49,11.62,16.84
2026,119,31.92,24.68,85.76,3.02,9.31,26.25
2026,120,30.71,23.79,84.72,2.31,15.29,28.51
2026,121,29.74,23.66,83.18,1.9,15.95,15.32
2026,122,33.71,22.64,77.96,2.34,19.32,7.44
2026,123,31.58,24.05,82.46,1.54,19.38,8.47
2026,124,32.82,24.12,80.68,1.94,19.98,4.14
2026,125,30.81,23.32,83.04,1.36,15.75,6.38
2026,126,33.88,22.78,76.27,1.31,21.0,3.1
2026,127,32.76,23.48,76.99,1.05,18.45,12.07
2026,128,33.07,22.8,75.01,1.14,24.19,4.19
2026,129,32.63,23.67,75.37,1.01,21.3,8.21
2026,130,32.58,23.65,76.36,1.45,19.56,5.56
2026,131,31.49,23.44,79.3,1.19,20.46,4.12
2026,132,33.13,23.08,77.88,1.74,23.33,0.4
2026,133,33.46,24.05,79.17,2.61,21.47,4.75
2026,134,34.0,24.84,81.74,2.65,21.27,18.98
2026,135,34.92,24.97,81.77,2.69,23.1,9.2
